id;status;requested_at;reason;from_location_label;to_location_label;esign_workflow_id;esign_status;esign_last_update;signed_at;executed_at;requested_by;approved_by;created_by;created_date;last_modified_by;last_modified_date
1;SIGNED;2025-12-16T16:24:15;main-d’œuvre filer hors;secouriste triathlète;au-delà;rompre;minuscule;2025-12-16T15:03:28;2025-12-16T07:29:52;2025-12-16T20:17:41;vu que hormis recourir;communauté étudiante patientèle;prétendre bientôt;2025-12-16T00:55:42;aussi infiniment près de;2025-12-16T08:48:14
2;REJECTED;2025-12-16T07:36:33;de façon que;quand gens chef;secouriste dense;tendre étant donné que près de;extra plouf à l'égard de;2025-12-16T23:09:23;2025-12-16T05:35:03;2025-12-16T08:13:54;dans cot cot coupable;à la faveur de recommander du moment que;du fait que;2025-12-16T18:20:30;même;2025-12-16T01:59:07
3;REJECTED;2025-12-16T04:48:43;au point que cot cot;de façon que;simple renaître amorphe;pin-pon à condition que innombrable;gravir à peu près broum;2025-12-16T18:07:11;2025-12-16T09:37:50;2025-12-16T22:38:59;pendant que;rapide prout;camarade même si altruiste;2025-12-16T11:10:20;même si vis-à-vie de;2025-12-16T18:51:09
4;SIGNED;2025-12-16T23:42:21;lunatique euh;antagoniste franco;touriste interrompre au prix de;coac coac vouh;groin groin zzzz coller;2025-12-16T07:24:45;2025-12-16T18:39:06;2025-12-16T17:04:01;alors que en dedans de;concernant;sus aussi;2025-12-16T04:07:34;jeune enfant équipe;2025-12-16T06:58:51
5;SIGNING;2025-12-16T11:50:03;depuis;dès que;formuler;tchou tchouu terne apte;dérober altruiste;2025-12-16T17:21:26;2025-12-16T20:55:42;2025-12-16T20:15:01;adorable;chef drelin immense;pourvu que;2025-12-16T05:25:58;toc;2025-12-16T05:11:43
6;EXECUTED;2025-12-16T23:31:49;tchou tchouu;outre barrer;quasi tout à fait encore;revenir;dessous;2025-12-16T00:41:02;2025-12-16T22:36:30;2025-12-16T09:21:57;calme;pourvu que;adorable à l'encontre de avare;2025-12-16T23:15:12;patientèle coupable;2025-12-16T16:01:11
7;SUBMITTED;2025-12-16T09:54:21;à l'entour de patientèle trop;près de débile;ding rapide;cuicui veiller après que;dynamique;2025-12-16T17:15:27;2025-12-16T11:19:14;2025-12-16T13:25:42;étant donné que turquoise incognito;tranquille raide;sauf sans que fonctionnaire;2025-12-16T14:03:01;avare;2025-12-16T22:50:16
8;REJECTED;2025-12-16T02:57:20;assurément hé;taper;vu que;durant boire;conseil municipal quoique protester;2025-12-16T23:06:19;2025-12-16T15:55:08;2025-12-16T03:40:23;prévaloir;dès comme quitte à;sous;2025-12-16T23:40:15;derechef miam drôlement;2025-12-16T03:26:34
9;DRAFT;2025-12-16T09:10:43;circulaire développer;secouriste juriste;commis de cuisine;commissionnaire terriblement gens;novice;2025-12-16T03:43:01;2025-12-16T20:38:46;2025-12-16T03:48:13;à raison de coin-coin puisque;proche de;secours hebdomadaire si bien que;2025-12-16T10:34:25;sans doute autrement trop;2025-12-16T21:40:46
10;SUBMITTED;2025-12-16T04:48:10;jamais;aussitôt que vaste dépendre;joliment autoriser avare;magenta entre;mature en outre de sans;2025-12-16T21:59:01;2025-12-16T02:09:05;2025-12-16T14:41:17;autour de atchoum;de façon à ce que;entre au point que entourer;2025-12-16T07:25:44;au-dedans de;2025-12-16T13:02:10
