id;code;name;vendor;model;mac_address;ip_address;installed_at;active;created_by;created_date;last_modified_by;last_modified_date
1;dynamique triathlète;grrr large;croiser paf;environ lunatique;en dehors de dans la mesure où;amorphe composer;2025-12-16T00:27:28;true;à l'entour de tandis que;2025-12-16T23:10:17;direction à force de;2025-12-16T05:51:35
2;miaou;boum aux environs de ramasser;là-haut pourvu que croâ;protester intrépide personnel;touchant;hôte dès que avant;2025-12-16T23:50:42;true;gens absolument;2025-12-16T02:56:15;sauf bof;2025-12-16T13:59:06
3;novice;amorphe sitôt que de façon que;de façon à ce que;moderne;cuicui par puisque;assez abattre;2025-12-16T15:22:49;false;en plus de pourvu que à travers;2025-12-16T19:20:42;raide moins;2025-12-16T13:20:34
4;tchou tchouu vétuste à moins de;cadre;au défaut de;de peur de de;ouf pendant que magenta;vaste;2025-12-16T00:50:11;false;devant dedans;2025-12-16T02:40:25;quitte à;2025-12-16T02:59:04
5;derrière;quasi;aligner sur;abriter conseil d’administration tic-tac;vis-à-vie de à condition que déc;multiple dès;2025-12-16T08:53:28;true;tellement tolérer;2025-12-16T22:25:15;concurrence assez;2025-12-16T02:05:36
6;adresser chut à seule fin de;sauf;super;tant prout agiter;souvent chef;tant deviner;2025-12-16T18:36:53;true;cyan;2025-12-16T03:07:33;clac main-d’œuvre;2025-12-16T04:52:52
7;parer commissionnaire premièrement;franco;clac;sympathique biathlète;au-dedans de complètement ding;juriste;2025-12-16T06:52:25;true;solliciter toc-toc;2025-12-16T09:51:28;tant administration;2025-12-16T10:23:44
8;mieux de peur que;ainsi entièrement;pendant que miaou;tant;meubler parce que foule;près bè;2025-12-16T06:43:24;false;amorphe bzzz;2025-12-16T20:14:04;au-dehors terne;2025-12-16T17:00:18
9;réparer ah;conseiller hier balayer;bof parlementaire hypocrite;céder;à partir de responsable;trop;2025-12-16T00:43:06;false;beaucoup lectorat;2025-12-16T19:33:11;pin-pon poursuivre en dedans de;2025-12-16T02:08:34
10;alentour;menacer;moderne séculaire;charitable démarrer antagoniste;personnel ouille;cyan;2025-12-16T07:44:18;false;personnel;2025-12-16T21:07:02;mal appeler si;2025-12-16T01:02:55
