id;entity_type;entity_id;label;linked_at;created_by;created_date;last_modified_by;last_modified_date
1;MOVEMENT_REQUEST;1;Ordre de déplacement signé;2025-12-16T19:25:00;imad.bougataya;2025-12-16T19:25:00;imad.bougataya;2025-12-16T19:30:00
2;ASSET;1;Fiche technique équipement;2025-12-16T16:30:00;youssef.hassani;2025-12-16T16:30:00;youssef.hassani;2025-12-16T16:30:00
3;MAINTENANCE_EVENT;3;Rapport d’intervention préventive;2025-12-16T08:10:00;maintenance.team;2025-12-16T08:10:00;maintenance.team;2025-12-16T08:20:00
4;ASSET;4;Certificat de conformité ATEX;2025-12-16T23:05:00;hse.ocp;2025-12-16T23:05:00;hse.ocp;2025-12-16T23:05:00
5;MOVEMENT_REQUEST;2;Demande de déplacement interne;2025-12-16T10:45:00;planner.ocp;2025-12-16T10:45:00;planner.ocp;2025-12-16T11:00:00
6;MOVEMENT_REQUEST;6;Autorisation de déplacement en cours;2025-12-16T03:30:00;planner.ocp;2025-12-16T03:30:00;planner.ocp;2025-12-16T09:00:00
7;ASSET;7;Historique de maintenance;2025-12-16T09:25:00;maintenance.team;2025-12-16T09:25:00;maintenance.team;2025-12-16T18:30:00
8;ASSET;8;Notice fabricant capteur GNSS;2025-12-16T12:05:00;engineering.ocp;2025-12-16T12:05:00;engineering.ocp;2025-12-16T12:05:00
9;MOVEMENT_REQUEST;9;PV de déplacement exécuté;2025-12-16T04:50:00;imad.bougataya;2025-12-16T04:50:00;imad.bougataya;2025-12-16T05:45:00
10;MAINTENANCE_EVENT;10;Compte rendu d’intervention corrective;2025-12-16T22:00:00;maintenance.team;2025-12-16T22:00:00;maintenance.team;2025-12-16T22:15:00
